Solver,Cumulative Return (%),Annualized Return (%),Annualized Volatility (%),Sharpe Ratio,Max Drawdown (%),Total Turnover,Avg Turnover/Rebal
GD,117.26947965832801,39.03073776242145,32.20054599276562,1.2121141601508976,-23.05629316048517,9.207951515043215,0.4003457180453572
CG,117.27635552456701,39.03232954826572,32.19966347925526,1.2121968160758088,-23.048850686918957,9.203519284221883,0.4001530123574732
PCG_Jacobi,117.23838487335448,39.0235385874703,32.19860570078717,1.2119636157573206,-23.053841762363646,9.207114665418231,0.40030933327905355
PCG_SSOR,117.2383910979391,39.02354002871134,32.19860572122123,1.2119636597491545,-23.053841591709457,9.207116125548502,0.4003093967629784
PCG_IChol,117.23839109794008,39.02354002871156,32.19860572122128,1.2119636597491592,-23.053841591709496,9.207116125547065,0.4003093967629159
SPY,60.65380550495645,23.941595198683345,12.812405220390016,1.8686261312264794,-10.147350184509765,0.0,0.0
