,GD,CG,PCG_Jacobi,PCG_SSOR,PCG_IChol
GD,1.0,0.9999999495044065,0.9999999789208327,0.9999999789211225,0.9999999789211226
CG,0.9999999495044065,1.0,0.9999999446749792,0.9999999446787565,0.999999944678757
PCG_Jacobi,0.9999999789208327,0.9999999446749792,1.0,0.9999999999999948,0.999999999999995
PCG_SSOR,0.9999999789211225,0.9999999446787565,0.9999999999999948,1.0,0.9999999999999994
PCG_IChol,0.9999999789211226,0.999999944678757,0.999999999999995,0.9999999999999994,1.0
